,Product Name,Prices,Description,reviews
0,"OnePlus 11 5G (Eternal Green, 256 GB)","₹38,995",16 GB RAM | 256 GB ROM17.02 cm (6.7 inch) Display50MP Rear Camera5000 mAh Batterydomestic warranty of 12 months on phone & 6 months on accessories,4.5
1,"Google Pixel 10 (Obsidian, 256 GB)","₹74,999",12 GB RAM | 256 GB ROM16.0 cm (6.3 inch) Quad HD+ Display48MP + 13MP + 10.8MP | 10.5MP Front Camera4970 mAh BatteryTensor G5 Processor1 Year Domestic Warranty,4.5
2,"Google Pixel 9A (Porcelain, 256 GB)","₹39,999",8 GB RAM | 256 GB ROM15.96 cm (6.285 inch) Full HD+ Display48MP + 12MP | 12MP Front Camera5100 mAh BatteryTensor G4 Processor1 Year Domestic Warranty,4.4
3,"Google Pixel 9A (Iris, 256 GB)","₹39,999",8 GB RAM | 256 GB ROM15.96 cm (6.285 inch) Full HD+ Display48MP + 12MP | 12MP Front Camera5100 mAh BatteryTensor G4 Processor1 Year Domestic Warranty,4.4
4,"OnePlus Nord 5 5G (Marble Sands, 256 GB)","₹36,737",12 GB RAM | 256 GB ROM17.35 cm (6.83 inch) Display50MP Rear Camera6800 mAh Battery1 Year Warranty,4.5
5,"Samsung Galaxy S24 5G Snapdragon (Marble Gray, 128 GB)","₹39,999",8 GB RAM | 128 GB ROM15.75 cm (6.2 inch) Full HD+ Display50MP + 12MP | 12MP Front Camera4000 mAh Battery8 Gen 3 Processor1 Year Manufacturer Warranty for Device and 6 Months for In-Box Accessories,4.6
6,"Google Pixel 9A (Obsidian, 256 GB)","₹39,999",8 GB RAM | 256 GB ROM15.96 cm (6.285 inch) Full HD+ Display48MP + 12MP | 12MP Front Camera5100 mAh BatteryTensor G4 Processor1 Year Domestic Warranty,4.4
7,"Samsung Galaxy S24 5G Snapdragon (Onyx Black, 128 GB)","₹39,999",8 GB RAM | 128 GB ROM15.75 cm (6.2 inch) Full HD+ Display50MP + 12MP | 12MP Front Camera4000 mAh Battery8 Gen 3 Processor1 Year Manufacturer Warranty for Device and 6 Months for In-Box Accessories,4.6
8,"Samsung Galaxy A55 5G (Awesome Iceblue, 256 GB)","₹33,799",12 GB RAM | 256 GB ROM | Expandable Upto 1 TB16.76 cm (6.6 inch) Full HD+ Display50MP + 12MP + 5MP | 32MP Front Camera5000 mAh BatteryExynos 1480 Processor1 Year Manufacturer Warranty for Device and 6 Months for In-Box Accessories,4.3
9,"vivo V30 Pro 5G (Classic Black, 512 GB)","₹43,999",12 GB RAM | 512 GB ROM17.22 cm (6.78 inch) Full HD+ Display50MP + 50MP + 50MP | 50MP Front Camera5000 mAh BatteryDimensity 8200 5G Processor1 Year Manufacturer Warranty for Device and 6 Months Manufacturer Warranty for Inbox Accessories,4.5
10,"OnePlus 12R (Iron Gray, 128 GB)","₹36,999",8 GB RAM | 128 GB ROM17.22 cm (6.78 inch) Display50MP Rear Camera5500 mAh Battery1 Year Brand Warranty,4.5
11,"IQOO Neo 10 (Inferno Red, 256 GB)","₹40,779",12 GB RAM | 256 GB ROM17.22 cm (6.78 inch) Full HD+ E3 Super AMOLED Display50MP + 50MP + 8MP | 32MP + 32MP Dual Front Camera7000 mAh BatteryQualcomm ProcessorDomestic warranty 1 year for handset and 6  months for accessories,4.5
12,"OnePlus Nord 5 5G (Phantom Grey, 256 GB)","₹36,931",12 GB RAM | 256 GB ROM17.35 cm (6.83 inch) Display50MP Rear Camera6800 mAh Battery1 Year Warranty,4.5
13,"Samsung Galaxy S24 Exynos 5G (Amber Yellow, 128 GB)","₹49,999",8 GB RAM | 128 GB ROM15.75 cm (6.2 inch) Full HD+ Display50MP + 10MP + 12MP | 12MP Front Camera4000 mAh BatteryExynos 2400 Processor1 Year Manufacturer Warranty for Device and 6 Months for In-Box Accessories,4.6
14,"Samsung Galaxy A36 5G (Awesome Lavender, 256 GB)","₹38,499",12 GB RAM | 256 GB ROM17.02 cm (6.7 inch) Full HD+ Display50MP + 8MP | 12MP Front Camera5000 mAh BatteryQualcomm Snapdragon 6 Gen 3 Processor1 Year Manufacturer Warranty for Device and 6 Months for In-Box Accessories,4.4
15,"vivo X80 (Cosmic Black, 128 GB)","₹43,670",8 GB RAM | 128 GB ROM17.22 cm (6.78 inch) Full HD+ Display50MP + 12MP + 12MP | 32MP Front Camera4500 mAh Lithium BatteryMediatek Dimensity 9000 Processor1 Year on Handset and 6 Months on Accessories,4.4
16,"OnePlus 12 (Glacial White, 256 GB)","₹47,593",12 GB RAM | 256 GB ROM17.32 cm (6.82 inch) Full HD+ AMOLED Display50MP Rear Camera5400 mAh BatteryQualcomm SM8650-AB Snapdragon 8 Gen 3 (4 nm) Processor1 Year manufacturer warranty for device and 1 year manufacturer warranty for in-box accessories including batteries from the date of purchase,4.6
17,"Google Pixel 6a (Charcoal, 128 GB)","₹43,999",6 GB RAM | 128 GB ROM15.6 cm (6.14 inch) Full HD+ Display12.2MP + 12MP | 8MP Front Camera4410 mAh BatteryGoogle Tensor Processor1 Year Brand Warranty,4.3
18,"Motorola Edge 50 Ultra 5G (Nordic Wood, 512 GB)","₹49,999",12 GB RAM | 512 GB ROM17.02 cm (6.7 inch) Display50MP + 50MP + 64MP | 50MP Front Camera4500 mAh Battery8s Gen 3 Mobile Platform Processor1 Year on Handset and 6 Months on Accessories,4.3
19,"OnePlus 10 Pro 5G (Emerald Forest, 256 GB)","₹44,999",12 GB RAM | 256 GB ROM17.02 cm (6.7 inch) Display48MP Rear Camera5000 mAh Battery12 months,3.9
20,"OPPO Reno10 Pro 5G (Silvery Grey, 256 GB)","₹30,999",12 GB RAM | 256 GB ROM17.02 cm (6.7 inch) Full HD+ Display50MP + 32MP + 8MP | 32MP Front Camera4600 mAh BatterySnapdragon 778G 5G Processor1 Year Manufacturer Warranty for Phone and 6 Months Warranty for In the Box Accessories,4.3
21,"OPPO Reno13 Pro 5G (Mist Lavender, 256 GB)","₹45,990",12 GB RAM | 256 GB ROM17.35 cm (6.83 inch) Display50MP + 50MP + 8MP | 50MP Front Camera5800 mAh BatteryDimensity 8350 Processor1 Year Warranty on Handset and 6 Months Warranty on Accessories,4.5
22,"vivo V30 Pro 5G (Andaman Blue, 256 GB)","₹38,999",8 GB RAM | 256 GB ROM17.22 cm (6.78 inch) Full HD+ Display50MP + 50MP + 50MP | 50MP Front Camera5000 mAh BatteryDimensity 8200 5G Processor1 Year Manufacturer Warranty for Device and 6 Months Manufacturer Warranty for Inbox Accessories,4.5
23,"Samsung Galaxy S24 Exynos 5G (Cobalt Violet, 128 GB)","₹49,999",8 GB RAM | 128 GB ROM15.75 cm (6.2 inch) Full HD+ Display50MP + 10MP + 12MP | 12MP Front Camera4000 mAh BatteryExynos 2400 Processor1 Year Manufacturer Warranty for Device and 6 Months for In-Box Accessories,4.6
24,"Samsung Galaxy S24 Exynos 5G (Cobalt Violet, 128 GB)","₹49,999",8 GB RAM | 128 GB ROM15.75 cm (6.2 inch) Full HD+ Display50MP + 10MP + 12MP | 12MP Front Camera4000 mAh BatteryExynos 2400 Processor1 Year Manufacturer Warranty for Device and 6 Months for In-Box Accessories,4.6
25,"OPPO Reno 12 Pro 5G (Space Brown, 256 GB)","₹40,999",12 GB RAM | 256 GB ROM | Expandable Upto 1 TB17.02 cm (6.7 inch) Full HD+ Display50MP + 8MP + 50MP | 50MP Front Camera5000 mAh BatteryDimensity 7300 Energy Processor1 Year Manufacturer Warranty for Device and 6 Months Manufacturer Warranty for Inbox Accessories,4.4
26,"Google Pixel 9A (Porcelain, 256 GB)","₹39,999",8 GB RAM | 256 GB ROM15.96 cm (6.285 inch) Full HD+ Display48MP + 12MP | 12MP Front Camera5100 mAh BatteryTensor G4 Processor1 Year Domestic Warranty,4.4
27,"Google Pixel 9A (Iris, 256 GB)","₹39,999",8 GB RAM | 256 GB ROM15.96 cm (6.285 inch) Full HD+ Display48MP + 12MP | 12MP Front Camera5100 mAh BatteryTensor G4 Processor1 Year Domestic Warranty,4.4
28,"OnePlus 12R (Cool Blue, 256 GB)","₹39,999","8 GB RAM | 256 GB ROM17.22 cm (6.78 inch) Display50MP Rear Camera5500 mAh Battery1 Year Warranty
1 year manufacturer warranty for device and 1 year manufacturer warranty for in-box accessories including batteries from the date of purchase",4.5
29,"Samsung Galaxy S24 Exynos 5G (Onyx Black, 128 GB)","₹49,999",8 GB RAM | 128 GB ROM15.75 cm (6.2 inch) Full HD+ Display50MP + 10MP + 12MP | 12MP Front Camera4000 mAh BatteryExynos 2400 Processor1 Year Manufacturer Warranty for Device and 6 Months for In-Box Accessories,4.6
30,"Samsung Galaxy A55 5G (Awesome Navy, 256 GB)","₹33,480",12 GB RAM | 256 GB ROM | Expandable Upto 1 TB16.76 cm (6.6 inch) Full HD+ Display50MP + 12MP + 5MP | 32MP Front Camera5000 mAh BatterySamsung Exynos 1480 Processor1 Year Manufacturer Warranty for Device and 6 Months for In-Box Accessories,4.3
31,"OnePlus 10T 5G (Moonstone Black, 256 GB)","₹37,999",16 GB RAM | 256 GB ROM17.02 cm (6.7 inch) Display50MP Rear Camera4800 mAh Battery12 Months,4
32,"Google Pixel 9A (Obsidian, 256 GB)","₹39,999",8 GB RAM | 256 GB ROM15.96 cm (6.285 inch) Full HD+ Display48MP + 12MP | 12MP Front Camera5100 mAh BatteryTensor G4 Processor1 Year Domestic Warranty,4.4
33,"vivo V30 Pro 5G (Andaman Blue, 512 GB)","₹43,999",12 GB RAM | 512 GB ROM17.22 cm (6.78 inch) Full HD+ Display50MP + 50MP + 50MP | 50MP Front Camera5000 mAh BatteryDimensity 8200 5G Processor1 Year Manufacturer Warranty for Device and 6 Months Manufacturer Warranty for Inbox Accessories,4.5
34,"Samsung Galaxy S24 Exynos 5G (Marble Gray, 128 GB)","₹49,999",8 GB RAM | 128 GB ROM15.75 cm (6.2 inch) Full HD+ Display50MP + 10MP + 12MP | 12MP Front Camera4000 mAh BatteryExynos 2400 Processor1 Year Manufacturer Warranty for Device and 6 Months for In-Box Accessories,4.6
35,"vivo V50 5G Elite Edition (Rose Red, 512 GB)","₹45,990",12 GB RAM | 512 GB ROM17.2 cm (6.77 inch) Display50MP + 50MP | 50MP Front Camera6000 mAh Battery7 Gen 3 Processor1 Year Warranty on the Product and 6 Months Warranty on Inbox Accessories,4.5
36,"Apple iPhone 11 (Black, 64 GB)","₹43,900",64 GB ROM15.49 cm (6.1 inch) Liquid Retina HD Display12MP + 12MP | 12MP Front CameraA13 Bionic Chip Processor1 year warranty for phone and 1 year warranty for in Box Accessories.,4.6
37,"OPPO Reno 12 5G (Matte Brown, 256 GB)","₹28,000",8 GB RAM | 256 GB ROM | Expandable Upto 1 TB17.02 cm (6.7 inch) Full HD+ Display50MP + 8MP + 2MP | 32MP Front Camera5000 mAh BatteryDimensity 7300 Energy Processor1 Year Manufacturer Warranty for Device and 6 Months Manufacturer Warranty for Inbox Accessories,4.4
38,"vivo V40 5G (Lotus Purple, 512 GB)","₹43,990",12 GB RAM | 512 GB ROM17.22 cm (6.78 inch) Full HD+ Display50MP + 50MP | 50MP Front Camera5500 mAh BatterySnapdragon 7 Gen 3 Processor1 Year Warranty on Handset and 6 Months Warranty on Accessories,4.6
39,"realme X50 Pro 5G (Rust Red, 256 GB)","₹47,999",12 GB RAM | 256 GB ROM16.36 cm (6.44 inch) Full HD+ Display64MP + 12MP + 8MP + 2MP | 32MP + 8MP Dual Front Camera4200 mAh Battery5G PhoneQualcomm Snapdragon 865 Processor65W Superdart ChargeBrand Warranty of 1 Year Available for Mobile and 6 Months for Accessories,4.4
40,"OnePlus 10T 5G (Jade Green, 256 GB)","₹35,553",12 GB RAM | 256 GB ROM17.02 cm (6.7 inch) Display50MP Rear Camera4800 mAh Battery1 year manufacturer warranty for device and 6 months manufacturer warranty for in-box accessories including batteries from the date of purchase,4.1
41,"OPPO Reno10 Pro 5G (Glossy Purple, 256 GB)","₹29,999",12 GB RAM | 256 GB ROM17.02 cm (6.7 inch) Full HD+ Display50MP + 32MP + 8MP | 32MP Front Camera4600 mAh BatterySnapdragon 778G 5G Processor1 Year Manufacturer Warranty for Phone and 6 Months Warranty for In the Box Accessories,4.3
42,"Samsung Galaxy A36 5G (Awesome Black, 256 GB)","₹38,499",12 GB RAM | 256 GB ROM17.02 cm (6.7 inch) Full HD+ Display50MP + 8MP | 12MP Front Camera5000 mAh BatteryQualcomm Snapdragon 6 Gen 3 Processor1 Year Manufacturer Warranty for Device and 6 Months for In-Box Accessories,4.4
43,"OnePlus 11R 5G (Galactic Silver, 256 GB)","₹39,995",16 GB RAM | 256 GB ROM17.02 cm (6.7 inch) Display50MP Rear Camera | 16MP Front Camera5000 mAh BatteryDomestic warranty of 12 months on phone & 6 months on accessories,4.5
44,"OnePlus 10T 5G (Moonstone Black, 256 GB)","₹35,553",12 GB RAM | 256 GB ROM17.02 cm (6.7 inch) Display50MP Rear Camera4800 mAh Battery1 year on phone & 6 months on accessories,4.1
45,"OnePlus 11R 5G (Sonic Black, 256 GB)","₹39,999",16 GB RAM | 256 GB ROM17.02 cm (6.7 inch) Display50MP Rear Camera5000 mAh BatteryDomestic warranty of 12 months on phone & 6 months on accessries,4.5
46,"Samsung Galaxy A73 5G (Awesome Mint, 256 GB)","₹49,990",8 GB RAM | 256 GB ROM | Expandable Upto 1 TB17.02 cm (6.7 inch) Full HD+ Display108MP + 12MP + 5MP + 5MP | 32MP Front Camera5000 mAh Li-ion BatteryQualcomm Snapdragon 778G Processor1 Year Manufacturer Warranty for Device and 6 Months Manufacturer Warranty for In-Box,4.2
47,"Samsung Galaxy A73 5G (Awesome Gray, 128 GB)","₹47,490",8 GB RAM | 128 GB ROM | Expandable Upto 1 TB17.02 cm (6.7 inch) Full HD+ Display108MP + 12MP + 5MP + 5MP | 32MP Front Camera5000 mAh Li-ion BatteryQualcomm Snapdragon 778G Processor1 Year Manufacturer Warranty for Device and 6 Months Manufacturer Warranty for In-Box,4.2
48,"Apple iPhone 8 Plus (Silver, 64 GB)","₹49,900","64 GB ROM13.97 cm (5.5 inch) Retina HD Display12MP + 12MP | 7MP Front CameraA11 Bionic Chip with 64-bit Architecture, Neural Engine, Embedded M11 Motion Coprocessor ProcessorBrand Warranty of 1 Year",4.6
49,"Apple iPhone 8 Plus (Gold, 64 GB)","₹49,900","64 GB ROM13.97 cm (5.5 inch) Retina HD Display12MP + 12MP | 7MP Front CameraA11 Bionic Chip with 64-bit Architecture, Neural Engine, Embedded M11 Motion Coprocessor ProcessorBrand Warranty of 1 Year",4.6
50,"IQOO 3 (5G) (Tornado Black, 256 GB)","₹46,990","12 GB RAM | 256 GB ROM16.36 cm (6.44 inch) Full HD+ Display48MP + 13MP + 13MP + 2MP | 16MP Front Camera4440 mAh Li-ion BatteryQualcomm Snapdragon 865 ProcessorIn-Display Fingerprint Sensor, Monster Touch Buttons55 W Super Flash ChargeSuper AMOLED DisplayBrand Warranty of 1 Year Available for Mobile and Accessories",4.4
51,"Google Pixel 7 Pro (Hazel, 128 GB)","₹44,999",12 GB RAM | 128 GB ROM17.02 cm (6.7 inch) Quad HD+ Display50MP + 48MP + 12MP | 10.8MP Front Camera4926 mAh BatteryGoogle Tensor G2 Processor1 Year Domestic Warranty,4.3
52,"Google Pixel 9A (Porcelain, 256 GB)","₹39,999",8 GB RAM | 256 GB ROM15.96 cm (6.285 inch) Full HD+ Display48MP + 12MP | 12MP Front Camera5100 mAh BatteryTensor G4 Processor1 Year Domestic Warranty,4.4
53,"Google Pixel 9A (Iris, 256 GB)","₹39,999",8 GB RAM | 256 GB ROM15.96 cm (6.285 inch) Full HD+ Display48MP + 12MP | 12MP Front Camera5100 mAh BatteryTensor G4 Processor1 Year Domestic Warranty,4.4
54,"Apple iPhone 8 Plus (Space Grey, 64 GB)","₹49,900","64 GB ROM13.97 cm (5.5 inch) Retina HD Display12MP + 12MP | 7MP Front CameraA11 Bionic Chip with 64-bit Architecture, Neural Engine, Embedded M11 Motion Coprocessor ProcessorBrand Warranty of 1 Year",4.6
55,"Apple iPhone XR (White, 64 GB) (Includes EarPods, Power Adapter)","₹47,900",64 GB ROM15.49 cm (6.1 inch) Display12MP Rear Camera | 7MP Front CameraA12 Bionic Chip ProcessoriOS 13 Compatible1 year warranty for phone and 1 year warranty for in Box Accessories.,4.6
56,"Google Pixel 9A (Obsidian, 256 GB)","₹39,999",8 GB RAM | 256 GB ROM15.96 cm (6.285 inch) Full HD+ Display48MP + 12MP | 12MP Front Camera5100 mAh BatteryTensor G4 Processor1 Year Domestic Warranty,4.4
57,"MOTOROLA Edge 60 Pro (Pantone Shadow, 512 GB)","₹37,999",16 GB RAM | 512 GB ROM17.02 cm (6.7 inch) Display50MP + 50MP + 10MP | 50MP Front Camera6000 mAh BatteryDimensity 8350 Processor1 Year Warranty on Handset and 6 Months Warranty on Accessories,4.4
58,"realme 15 Pro 5G (Flowing Silver, 512 GB)","₹40,999",12 GB RAM | 512 GB ROM17.27 cm (6.8 inch) Display50MP + 50MP | 50MP Front Camera7000 mAh BatterySnapdragon 7 Gen 4 Processor1 Year Manufacturer Warranty for Device and 6 Months Manufacturer Warranty for Inbox Accessories,4.4
59,"realme 16 Pro+ 5G (Master Gold, 256 GB)","₹41,999",8 GB RAM | 256 GB ROM17.27 cm (6.8 inch) Full HD+ AMOLED Display200MP + 50MP + 8MP | 50MP Front Camera7000 mAh Battery7 Gen 4 Processor1 Year Manufacturer Warranty for Phone and 6 Months Warranty for In-Box Accessories,4.5
60,"vivo T4 Ultra 5G (Phoenix Gold, 512 GB)","₹39,999",12 GB RAM | 512 GB ROM16.94 cm (6.67 inch) Full HD+ AMOLED Display50MP + 8MP + 50MP Periscope | 32MP Front Camera5500 mAh BatteryDimensity 9300+ Processor1 Year Warranty on the Product and 6 Months Warranty on Inbox Accessories,4.5
61,"realme 16 Pro+ 5G (Master Gold, 256 GB)","₹44,999",12 GB RAM | 256 GB ROM17.27 cm (6.8 inch) Full HD+ AMOLED Display200MP + 50MP + 8MP | 50MP Front Camera7000 mAh Battery7 Gen 4 Processor1 Year Manufacturer Warranty for Phone and 6 Months Warranty for In-Box Accessories,4.8
62,"MOTOROLA Edge 60 Pro (Pantone Sparkling Grape, 512 GB)","₹37,999",16 GB RAM | 512 GB ROM17.02 cm (6.7 inch) Display50MP + 50MP + 10MP | 50MP Front Camera6000 mAh BatteryDimensity 8350 Processor1 Year Warranty on Handset and 6 Months Warranty on Accessories,4.4
63,"realme 16 Pro+ 5G (Master Grey, 256 GB)","₹44,999",12 GB RAM | 256 GB ROM17.27 cm (6.8 inch) Full HD+ AMOLED Display200MP + 50MP + 8MP | 50MP Front Camera7000 mAh Battery7 Gen 4 Processor1 Year Manufacturer Warranty for Phone and 6 Months Warranty for In-Box Accessories,4.8
64,"vivo T4x 5G (Pronto Purple, 256 GB)","₹18,499",8 GB RAM | 256 GB ROM17.07 cm (6.72 inch) Display50MP + 2MP | 8MP Front Camera6500 mAh BatteryDimensity 7300 5G Processor1 Year Warranty for Device and 6 Months Warranty for Accessories,4.4
65,"Samsung Galaxy S24 FE 5G (Graphite, 128 GB)","₹35,999",8 GB RAM | 128 GB ROM17.02 cm (6.7 inch) Full HD+ Display50MP + 12MP + 8MP | 10MP Front Camera4700 mAh BatteryExynos 2400e Processor1 Year Manufacturer Warranty for Device and 6 Months for In-Box Accessories,4.5
66,"vivo T4 Ultra 5G (Meteor Grey, 256 GB)","₹35,999",8 GB RAM | 256 GB ROM16.94 cm (6.67 inch) Full HD+ AMOLED Display50MP + 8MP + 50MP Periscope | 32MP Front Camera5500 mAh BatteryDimensity 9300+ Processor1 Year Warranty on the Product and 6 Months Warranty on Inbox Accessories,4.5
67,"Samsung Galaxy S24 5G Snapdragon (Amber Yellow, 256 GB)","₹44,999",8 GB RAM | 256 GB ROM15.75 cm (6.2 inch) Full HD+ Display50MP + 12MP | 12MP Front Camera4000 mAh Battery8 Gen 3 Processor1 Year Manufacturer Warranty for Device and 6 Months for In-Box Accessories,4.6
68,"OPPO Reno14 5G (Pearl White, 256 GB)","₹39,690",8 GB RAM | 256 GB ROM16.74 cm (6.59 inch) Display50MP + 8MP + 50MP | 50MP Front Camera6000 mAh BatteryDimensity 8350 Processor1 Year Manufacturer Warranty for Device and 6 Months Manufacturer Warranty for Inbox Accessories,4.5
69,"OPPO K13 5G with 7000mAh and 80W SUPERVOOC Charger In-The-Box (Prism Black, 256 GB)","₹21,999",8 GB RAM | 256 GB ROM16.94 cm (6.67 inch) Display50MP + 2MP | 16MP Front Camera7000 mAh BatterySnapdragon 6 Gen 4 Processor80W SUPERVOOC Charger1 Year Warranty on the Product and 6 Months Warranty on Inbox Accessories,4.5
70,"OnePlus Nord 5 (Phantom Grey, 256 GB)","₹33,396",8 GB RAM | 256 GB ROM17.35 cm (6.83 inch) Full HD+ AMOLED Display50MP + 50MP + 8MP | 50MP Front Camera6800 mAh BatteryQualcomm® Snapdragon™ 8s Gen 3 Mobile Platform Processor1 Year manufacturer,4.5
71,"vivo T4 5G (Phantom Grey, 256 GB)","₹24,999",8 GB RAM | 256 GB ROM17.2 cm (6.77 inch) Display50MP (OIS) + 2MP | 32MP Front Camera7300 mAh BatterySnapdragon 7s Gen 3 5G Processor1 Year Warranty on the Handset and 6 Months Warranty on Inbox Accessories,4.5
72,"Google Pixel 9A (Porcelain, 256 GB)","₹39,999",8 GB RAM | 256 GB ROM15.96 cm (6.285 inch) Full HD+ Display48MP + 12MP | 12MP Front Camera5100 mAh BatteryTensor G4 Processor1 Year Domestic Warranty,4.4
73,"Google Pixel 9A (Iris, 256 GB)","₹39,999",8 GB RAM | 256 GB ROM15.96 cm (6.285 inch) Full HD+ Display48MP + 12MP | 12MP Front Camera5100 mAh BatteryTensor G4 Processor1 Year Domestic Warranty,4.4
74,"Samsung Galaxy S24 FE 5G (Blue, 256 GB)","₹39,999",8 GB RAM | 256 GB ROM17.02 cm (6.7 inch) Full HD+ Display50MP + 12MP + 8MP | 10MP Front Camera4700 mAh BatteryExynos 2400e Processor1 Year Manufacturer Warranty for Device and 6 Months for In-Box Accessories,4.5
75,"Samsung Galaxy S24 FE 5G (Mint, 256 GB)","₹39,999",8 GB RAM | 256 GB ROM17.02 cm (6.7 inch) Full HD+ Display50MP + 12MP + 8MP | 10MP Front Camera4700 mAh BatteryExynos 2400e Processor1 Year Manufacturer Warranty for Device and 6 Months for In-Box Accessories,4.5
76,"Google Pixel 9A (Obsidian, 256 GB)","₹39,999",8 GB RAM | 256 GB ROM15.96 cm (6.285 inch) Full HD+ Display48MP + 12MP | 12MP Front Camera5100 mAh BatteryTensor G4 Processor1 Year Domestic Warranty,4.4
77,"MOTOROLA Edge 60 Pro (Pantone Dazzling Blue, 512 GB)","₹37,999",16 GB RAM | 512 GB ROM17.02 cm (6.7 inch) Display50MP + 50MP + 10MP | 50MP Front Camera6000 mAh BatteryDimensity 8350 Processor1 Year Warranty on Handset and 6 Months Warranty on Accessories,4.4
78,"vivo V60 5G (Mist Gray, 256 GB)","₹38,999",8 GB RAM | 256 GB ROM17.2 cm (6.77 inch) Display50MP + 8MP + 50MP | 50MP Front Camera6500 mAh Battery7 Gen 4 Processor1 Year Manufacturer Warranty for Device and 6 Months Manufacturer Warranty for Inbox Accessories,4.5
79,"Samsung Galaxy S24 FE 5G (Graphite, 256 GB)","₹39,999",8 GB RAM | 256 GB ROM17.02 cm (6.7 inch) Full HD+ Display50MP + 12MP + 8MP | 10MP Front Camera4700 mAh BatteryExynos 2400e Processor1 Year Manufacturer Warranty for Device and 6 Months for In-Box Accessories,4.5
80,"Apple iPhone 15 (Black, 128 GB)","₹59,900","128 GB ROM15.49 cm (6.1 inch) Super Retina XDR Display48MP + 12MP | 12MP Front CameraA16 Bionic Chip, 6 Core Processor Processor1 year warranty for phone and 1 year warranty for in Box Accessories.",4.6
81,"realme GT NEO 3 (150W) (Asphalt Black, 256 GB)","₹42,999",12 GB RAM | 256 GB ROM17.02 cm (6.7 inch) Full HD+ Display50MP + 8MP + 2MP | 16MP Front Camera4500 mAh Lithium Ion BatteryMediatek Dimensity 8100 Processor1 Year Manufacturer Warranty for Phone and 6 Months Warranty for In-Box Accessories,4.2
82,"Samsung Galaxy A55 5G (Awesome Navy, 256 GB)","₹26,990",8 GB RAM | 256 GB ROM | Expandable Upto 1 TB16.76 cm (6.6 inch) Full HD+ Display50MP + 12MP + 5MP | 32MP Front Camera5000 mAh BatteryExynos 1480 Processor1 Year Manufacturer Warranty for Device and 6 Months for In-Box Accessories,4.4
83,"realme GT 7T (IceSense Blue, 512 GB)","₹41,999",12 GB RAM | 512 GB ROM17.27 cm (6.8 inch) Full HD+ AMOLED Display50MP + 8MP | 32MP Front Camera7000 mAh Li-ion BatteryDimensity 8400-MAX Processorstandard 1-year warranty for the device  and a 6-month warranty for accessories,4.5
84,"OPPO Reno13 5G (Luminous Blue, 256 GB)","₹34,989",8 GB RAM | 256 GB ROM16.74 cm (6.59 inch) Display50MP + 8MP + 2MP | 50MP Front Camera5600 mAh BatteryDimensity 8350 Processor1 Year Warranty on Handset and 6 Months Warranty on Accessories,4.4
85,"OPPO Reno13 Pro 5G (Graphite Grey, 256 GB)","₹38,990",12 GB RAM | 256 GB ROM17.35 cm (6.83 inch) Display50MP + 50MP + 8MP | 50MP Front Camera5800 mAh BatteryDimensity 8350 Processor1 Year Warranty on Handset and 6 Months Warranty on Accessories,4.5
86,"POCO F7 5G (Frost White, 512 GB)","₹33,999","12 GB RAM | 512 GB ROM17.35 cm (6.83 inch) Display50MP Rear Camera | 20MP Front Camera7550 mAh Li-Polymer + Silicon Carbon Battery8s Gen 4 ProcessorRear Camera -50MP Main Camera -8MP Ultra-wide Camera with night mode and ultra-wide video recordingFront camera -20MP with Portrait Mode | | Front Video Recording | Night ModeDisplay -6.83 inch 1.5K pOLED with 120 Hz refresh rateBattery 7550mAh, 90W charger, 22.5W reverse charging1 Year Manufacturer Warranty for Phone and 6 Months Warranty for In the Box Accessories",4.4
87,"Samsung Galaxy A55 5G (Awesome Iceblue, 256 GB)","₹29,690",8 GB RAM | 256 GB ROM | Expandable Upto 1 TB16.76 cm (6.6 inch) Full HD+ Display50MP + 12MP + 5MP | 32MP Front Camera5000 mAh BatterySamsung Exynos 1480 Processor1 Year Manufacturer Warranty for Device and 6 Months for In-Box Accessories,4.4
88,"vivo T4R 5G (Twilight Blue, 256 GB)","₹24,999",12 GB RAM | 256 GB ROM17.2 cm (6.77 inch) Display50MP (OIS) + 2MP | 32MP Front Camera5700 mAh BatteryDimensity 7400 5G Processor1 Year Manufacturer Warranty for Device and 6 Months Manufacturer Warranty for Inbox Accessories,4.5
89,"vivo V40 5G (Ganges Blue, 128 GB)","₹35,990",8 GB RAM | 128 GB ROM17.22 cm (6.78 inch) Full HD+ Display50MP + 50MP | 50MP Front Camera5500 mAh BatterySnapdragon 7 Gen 3 Processor1 Year Warranty on Handset and 6 Months Warranty on Accessories,4.5
90,"vivo T4 Ultra 5G (Phoenix Gold, 256 GB)","₹35,999",8 GB RAM | 256 GB ROM16.94 cm (6.67 inch) Full HD+ AMOLED Display50MP + 8MP + 50MP Periscope | 32MP Front Camera5500 mAh BatteryDimensity 9300+ Processor1 Year Warranty on the Product and 6 Months Warranty on Inbox Accessories,4.5
91,"Samsung Galaxy S24 FE 5G (Blue, 128 GB)","₹35,999",8 GB RAM | 128 GB ROM17.02 cm (6.7 inch) Full HD+ Display50MP + 12MP + 8MP | 10MP Front Camera4700 mAh BatteryExynos 2400e Processor1 Year Manufacturer Warranty for Device and 6 Months for In-Box Accessories,4.5
92,"realme Gt 7 (Icesense Blue, 512 GB)","₹42,899",12 GB RAM | 512 GB ROM17.22 cm (6.78 inch) Full HD+ AMOLED Display50MP + 50MP + 50MP + 8MP | 32MP + 32MP Dual Front Camera7000 mAh BatteryDimensity Processor1 Year manufacturer Warranty for handset & 6 months for accessories,4.3
93,"OnePlus 9 5G (Arctic Sky, 256 GB)","₹41,999",12 GB RAM | 256 GB ROM16.64 cm (6.55 inch) Display48MP Rear Camera4500 mAh Battery12 months,3.9
94,"Samsung Galaxy Z Flip7 FE 5G (Black, 128 GB)","₹89,999",8 GB RAM | 128 GB ROM17.02 cm (6.7 inch) Full HD+ Display50MP + 12MP | 10MP Front Camera4000 mAh BatteryExynos 2400 Processor1 Year Manufacturer Warranty for Device and 6 Months for In-Box Accessories,4.3
95,"Samsung Galaxy A73 5G (Gray, 256 GB)","₹49,990",8 GB RAM | 256 GB ROM | Expandable Upto 1 TB17.02 cm (6.7 inch) Full HD+ Display108MP + 12MP + 5MP + 5MP | 32MP Front Camera5000 mAh Li-ion BatteryQualcomm Snapdragon 778G Processor1 Year Manufacturer Warranty for Device and 6 Months Manufacturer Warranty for In-Box,4.2
96,"Google Pixel 9A (Porcelain, 256 GB)","₹39,999",8 GB RAM | 256 GB ROM15.96 cm (6.285 inch) Full HD+ Display48MP + 12MP | 12MP Front Camera5100 mAh BatteryTensor G4 Processor1 Year Domestic Warranty,4.4
97,"Google Pixel 9A (Iris, 256 GB)","₹39,999",8 GB RAM | 256 GB ROM15.96 cm (6.285 inch) Full HD+ Display48MP + 12MP | 12MP Front Camera5100 mAh BatteryTensor G4 Processor1 Year Domestic Warranty,4.4
98,"Samsung Galaxy A55 5G (Awesome Navy, 256 GB)","₹33,480",12 GB RAM | 256 GB ROM | Expandable Upto 1 TB16.76 cm (6.6 inch) Full HD+ Display50MP + 12MP + 5MP | 32MP Front Camera5000 mAh BatterySamsung Exynos 1480 Processor1 Year Manufacturer Warranty for Device and 6 Months for In-Box Accessories,4.3
99,"MOTOROLA Edge 60 Pro (Pantone Sparkling Grape, 512 GB)","₹37,999",16 GB RAM | 512 GB ROM17.02 cm (6.7 inch) Display50MP + 50MP + 10MP | 50MP Front Camera6000 mAh BatteryDimensity 8350 Processor1 Year Warranty on Handset and 6 Months Warranty on Accessories,4.4
100,"realme 16 Pro 5G (Master Gold, 256 GB)","₹36,999",12 GB RAM | 256 GB ROM17.22 cm (6.78 inch) Full HD+ Display200MP + 8MP | 50MP Front Camera7000 mAh BatteryDimensity 7300 Max Processor1 Year Manufacturer Warranty for Phone and 6 Months Warranty for In-Box Accessories,4.5
101,"realme 16 Pro 5G (Pebble Grey, 256 GB)","₹36,999",12 GB RAM | 256 GB ROM17.22 cm (6.78 inch) Full HD+ Display200MP + 8MP | 50MP Front Camera7000 mAh BatteryDimensity 7300 Max Processor1 Year Manufacturer Warranty for Phone and 6 Months Warranty for In-Box Accessories,4.5
102,"Google Pixel 9A (Obsidian, 256 GB)","₹39,999",8 GB RAM | 256 GB ROM15.96 cm (6.285 inch) Full HD+ Display48MP + 12MP | 12MP Front Camera5100 mAh BatteryTensor G4 Processor1 Year Domestic Warranty,4.4
103,"IQOO Neo 10 (Titanium Chrome, 256 GB)","₹38,283",8 GB RAM | 256 GB ROM17.22 cm (6.78 inch) Full HD+ E3 Super AMOLED Display50MP + 50MP + 8MP | 32MP + 32MP Dual Front Camera7000 mAh BatteryQualcomm ProcessorDomestic warranty 1 year for handset and 6months for accessories,4.6
104,"IQOO Neo 10 (Inferno Red, 256 GB)","₹38,795",8 GB RAM | 256 GB ROM17.22 cm (6.78 inch) Full HD+ E3 Super AMOLED Display50MP + 50MP + 8MP | 32MP + 32MP Dual Front Camera7000 mAh BatteryQualcomm ProcessorDomestic warranty 1 year for handset and 6 months for accessories,4.6
105,"vivo T4 Ultra 5G (Phoenix Gold, 256 GB)","₹37,999",12 GB RAM | 256 GB ROM16.94 cm (6.67 inch) Full HD+ AMOLED Display50MP + 8MP + 50MP Periscope | 32MP Front Camera5500 mAh BatteryDimensity 9300+ Processor1 Year Warranty on the Product and 6 Months Warranty on Inbox Accessories,4.5
106,"vivo T4 Ultra 5G (Meteor Grey, 256 GB)","₹37,999",12 GB RAM | 256 GB ROM16.94 cm (6.67 inch) Full HD+ AMOLED Display50MP + 8MP + 50MP Periscope | 32MP Front Camera5500 mAh BatteryDimensity 9300+ Processor1 Year Warranty on the Product and 6 Months Warranty on Inbox Accessories,4.5
107,"vivo T4 Ultra 5G (Meteor Grey, 256 GB)","₹35,999",8 GB RAM | 256 GB ROM16.94 cm (6.67 inch) Full HD+ AMOLED Display50MP + 8MP + 50MP Periscope | 32MP Front Camera5500 mAh BatteryDimensity 9300+ Processor1 Year Warranty on the Product and 6 Months Warranty on Inbox Accessories,4.5
108,"realme GT 7T (Racing Yellow, 256 GB)","₹37,999",12 GB RAM | 256 GB ROM17.27 cm (6.8 inch) Full HD+ AMOLED Display50MP + 8MP | 32MP Front Camera7000 mAh Li-ion BatteryDimensity 8400-MAX Processorstandard 1-year warranty for the device  and a 6-month warranty for accessories,4.5
109,"realme GT 7T (IceSense Black, 256 GB)","₹37,999",12 GB RAM | 256 GB ROM17.27 cm (6.8 inch) Full HD+ AMOLED Display50MP + 8MP | 32MP Front Camera7000 mAh Li-ion BatteryDimensity 8400-MAX Processorstandard 1-year warranty for the device  and a 6-month warranty for accessories,4.5
110,"realme GT 7T (IceSense Blue, 256 GB)","₹37,999",12 GB RAM | 256 GB ROM17.27 cm (6.8 inch) Full HD+ AMOLED Display50MP + 8MP | 32MP Front Camera7000 mAh Li-ion BatteryDimensity 8400-MAX Processorstandard 1-year warranty for the device  and a 6-month warranty for accessories,4.5
111,"Samsung Galaxy S24 5G Snapdragon (Cobalt Violet, 128 GB)","₹39,999",8 GB RAM | 128 GB ROM15.75 cm (6.2 inch) Full HD+ Display50MP + 12MP | 12MP Front Camera4000 mAh Battery8 Gen 3 Processor1 Year Manufacturer Warranty for Device and 6 Months for In-Box Accessories,4.6
112,"realme 16 Pro 5G (Orchid Purple, 256 GB)","₹36,999",12 GB RAM | 256 GB ROM17.22 cm (6.78 inch) Full HD+ Display200MP + 8MP | 50MP Front Camera7000 mAh BatteryDimensity 7300 Max Processor1 Year Manufacturer Warranty for Phone and 6 Months Warranty for In-Box Accessories,4.5
113,"Samsung Galaxy A36 5G (Awesome Black, 256 GB)","₹35,499",8 GB RAM | 256 GB ROM17.02 cm (6.7 inch) Full HD+ Display50MP + 8MP | 12MP Front Camera5000 mAh BatteryQualcomm Snapdragon 6 Gen 3 Processor1 Year Manufacturer Warranty for Device and 6 Months for In-Box Accessories,4.3
114,"realme 16 Pro+ 5G (Master Gold, 128 GB)","₹39,999",8 GB RAM | 128 GB ROM17.27 cm (6.8 inch) Full HD+ AMOLED Display200MP + 50MP + 8MP | 50MP Front Camera7000 mAh Battery7 Gen 4 Processor1 Year Manufacturer Warranty for Phone and 6 Months Warranty for In-Box Accessories,4.5
115,"Samsung Galaxy S24 5G Snapdragon (Amber Yellow, 128 GB)","₹39,999",8 GB RAM | 128 GB ROM15.75 cm (6.2 inch) Full HD+ Display50MP + 12MP | 12MP Front Camera4000 mAh Battery8 Gen 3 Processor1 Year Manufacturer Warranty for Device and 6 Months for In-Box Accessories,4.6
116,"Samsung Galaxy A36 5G (Awesome Black, 256 GB)","₹38,499",12 GB RAM | 256 GB ROM17.02 cm (6.7 inch) Full HD+ Display50MP + 8MP | 12MP Front Camera5000 mAh BatteryQualcomm Snapdragon 6 Gen 3 Processor1 Year Manufacturer Warranty for Device and 6 Months for In-Box Accessories,4.4
117,"vivo V60 5G (Auspicious Gold, 256 GB)","₹38,999",8 GB RAM | 256 GB ROM17.2 cm (6.77 inch) Display50MP + 8MP + 50MP | 50MP Front Camera6500 mAh Battery7 Gen 4 Processor1 Year Manufacturer Warranty for Device and 6 Months Manufacturer Warranty for Inbox Accessories,4.5
118,"Samsung Galaxy A36 5G (Awesome Lavender, 256 GB)","₹38,499",12 GB RAM | 256 GB ROM17.02 cm (6.7 inch) Full HD+ Display50MP + 8MP | 12MP Front Camera5000 mAh BatteryQualcomm Snapdragon 6 Gen 3 Processor1 Year Manufacturer Warranty for Device and 6 Months for In-Box Accessories,4.4
119,"vivo V60 5G (Moonlit Blue, 256 GB)","₹34,829",8 GB RAM | 256 GB ROM17.2 cm (6.77 inch) Display50MP + 8MP + 50MP | 50MP Front Camera6500 mAh Battery7 Gen 4 Processor1 Year Manufacturer Warranty for Device and 6 Months Manufacturer Warranty for Inbox Accessories,4.5
120,"vivo V60 5G (Moonlit Blue, 256 GB)","₹34,829",8 GB RAM | 256 GB ROM17.2 cm (6.77 inch) Display50MP + 8MP + 50MP | 50MP Front Camera6500 mAh Battery7 Gen 4 Processor1 Year Manufacturer Warranty for Device and 6 Months Manufacturer Warranty for Inbox Accessories,4.5
121,"MOTOROLA Edge 60 Pro (Pantone Dazzling Blue, 512 GB)","₹37,999",16 GB RAM | 512 GB ROM17.02 cm (6.7 inch) Display50MP + 50MP + 10MP | 50MP Front Camera6000 mAh BatteryDimensity 8350 Processor1 Year Warranty on Handset and 6 Months Warranty on Accessories,4.4
122,"Google Pixel 9A (Porcelain, 256 GB)","₹39,999",8 GB RAM | 256 GB ROM15.96 cm (6.285 inch) Full HD+ Display48MP + 12MP | 12MP Front Camera5100 mAh BatteryTensor G4 Processor1 Year Domestic Warranty,4.4
123,"Google Pixel 9A (Iris, 256 GB)","₹39,999",8 GB RAM | 256 GB ROM15.96 cm (6.285 inch) Full HD+ Display48MP + 12MP | 12MP Front Camera5100 mAh BatteryTensor G4 Processor1 Year Domestic Warranty,4.4
124,"vivo V60 5G (Mist Gray, 256 GB)","₹38,999",8 GB RAM | 256 GB ROM17.2 cm (6.77 inch) Display50MP + 8MP + 50MP | 50MP Front Camera6500 mAh Battery7 Gen 4 Processor1 Year Manufacturer Warranty for Device and 6 Months Manufacturer Warranty for Inbox Accessories,4.5
125,"vivo V50 5G (Starry Night, 512 GB)","₹38,999",12 GB RAM | 512 GB ROM17.2 cm (6.77 inch) Display50MP + 50MP | 50MP Front Camera6000 mAh Battery7 Gen 3 Processor1 Year Manufacturer Warranty for Device and 6 Months Warranty for Inbox Accessories,4.5
126,"Google Pixel 9A (Obsidian, 256 GB)","₹39,999",8 GB RAM | 256 GB ROM15.96 cm (6.285 inch) Full HD+ Display48MP + 12MP | 12MP Front Camera5100 mAh BatteryTensor G4 Processor1 Year Domestic Warranty,4.4
127,"vivo V50 5G (Titanium Grey, 256 GB)","₹34,999",8 GB RAM | 256 GB ROM17.2 cm (6.77 inch) Display50MP + 50MP | 50MP Front Camera6000 mAh Battery7 Gen 3 Processor1 Year Manufacturer Warranty for Device and 6 Months Warranty for Inbox Accessories,4.5
128,"OPPO K13 Turbo Pro 5G (Silver Knight, 256 GB)","₹36,999",12 GB RAM | 256 GB ROM17.27 cm (6.8 inch) Full HD+ Display50MP + 2MP | 16MP Front Camera7000 mAh Battery8s Gen 4 Mobile Platform Processor1 Year Manufacturer Warranty for Device and 6 Months Manufacturer Warranty for Inbox Accessories,4.4
129,"OPPO K13 Turbo Pro 5G (Purple Phantom, 256 GB)","₹36,999",12 GB RAM | 256 GB ROM17.27 cm (6.8 inch) Full HD+ Display50MP + 2MP | 16MP Front Camera7000 mAh Battery8s Gen 4 Mobile Platform Processor1 Year Manufacturer Warranty for Device and 6 Months Manufacturer Warranty for Inbox Accessories,4.4
130,"Samsung Galaxy S23 FE (Graphite, 128 GB)","₹39,990",8 GB RAM | 128 GB ROM16.26 cm (6.4 inch) Full HD+ Display50MP + 12MP | 10MP Front Camera4500 mAh BatterySamsung Exynos 2200 Processor1 Year Manufacturer Warranty for Device and 6 Months for In-Box Accessories,4.4
131,"vivo V50 5G (Starry Night, 256 GB)","₹33,599",8 GB RAM | 256 GB ROM17.2 cm (6.77 inch) Display50MP + 50MP | 50MP Front Camera6000 mAh Battery7 Gen 3 Processor1 Year Manufacturer Warranty for Device and 6 Months Warranty for Inbox Accessories,4.5
132,"vivo V50 5G (Titanium Grey, 512 GB)","₹38,899",12 GB RAM | 512 GB ROM17.2 cm (6.77 inch) Display50MP + 50MP | 50MP Front Camera6000 mAh Battery7 Gen 3 Processor1 Year Manufacturer Warranty for Device and 6 Months Warranty for Inbox Accessories,4.5
133,"realme 15 Pro 5G (Silk Purple, 256 GB)","₹37,999",12 GB RAM | 256 GB ROM17.27 cm (6.8 inch) Display50MP + 50MP | 50MP Front Camera7000 mAh BatterySnapdragon 7 Gen 4 Processor1 Year Manufacturer Warranty for Device and 6 Months Manufacturer Warranty for Inbox Accessories,4.4
134,"realme 15 Pro 5G (Flowing Silver, 256 GB)","₹37,999",12 GB RAM | 256 GB ROM17.27 cm (6.8 inch) Display50MP + 50MP | 50MP Front Camera7000 mAh BatterySnapdragon 7 Gen 4 Processor1 Year Manufacturer Warranty for Device and 6 Months Manufacturer Warranty for Inbox Accessories,4.4
135,"vivo V50 5G (Rose Red, 512 GB)","₹38,899",12 GB RAM | 512 GB ROM17.2 cm (6.77 inch) Display50MP + 50MP | 50MP Front Camera6000 mAh Battery7 Gen 3 Processor1 Year Manufacturer Warranty for Device and 6 Months Warranty for Inbox Accessories,4.5
136,"OPPO RENO 13 5G (White / Ivory White, 128 GB)","₹29,999",8 GB RAM | 128 GB ROM16.74 cm (6.59 inch) Display50MP Rear Camera5600 mAh Battery1 Year Warranty on Handset and 6 Months Warranty on Accessories,4.2
137,"realme 15 Pro 5G (Velvet Green, 256 GB)","₹37,999",12 GB RAM | 256 GB ROM17.27 cm (6.8 inch) Display50MP + 50MP | 50MP Front Camera7000 mAh BatterySnapdragon 7 Gen 4 Processor1 Year Manufacturer Warranty for Device and 6 Months Manufacturer Warranty for Inbox Accessories,4.4
138,"realme 15 Pro 5G (Silk Purple, 256 GB)","₹35,999",8 GB RAM | 256 GB ROM17.27 cm (6.8 inch) Display50MP + 50MP | 50MP Front Camera7000 mAh BatterySnapdragon 7 Gen 4 Processor1 Year Manufacturer Warranty for Device and 6 Months Manufacturer Warranty for Inbox Accessories,4.3
139,"realme 15 Pro 5G (Flowing Silver, 256 GB)","₹35,999",8 GB RAM | 256 GB ROM17.27 cm (6.8 inch) Display50MP + 50MP | 50MP Front Camera7000 mAh BatterySnapdragon 7 Gen 4 Processor1 Year Manufacturer Warranty for Device and 6 Months Manufacturer Warranty for Inbox Accessories,4.3
140,"realme 15 Pro 5G (Velvet Green, 256 GB)","₹35,999",8 GB RAM | 256 GB ROM17.27 cm (6.8 inch) Display50MP + 50MP | 50MP Front Camera7000 mAh BatterySnapdragon 7 Gen 4 Processor1 Year Manufacturer Warranty for Device and 6 Months Manufacturer Warranty for Inbox Accessories,4.3
141,"OnePlus Nord 4 5G (Obsidian Midnight, 256 GB)","₹35,999",12 GB RAM | 256 GB ROM17.12 cm (6.74 inch) Display50MP Rear Camera5500 mAh Battery1 Year,4.5
142,"Samsung Galaxy A36 5G (Awesome White, 256 GB)","₹35,499",8 GB RAM | 256 GB ROM17.02 cm (6.7 inch) Full HD+ Display50MP + 8MP | 12MP Front Camera5000 mAh BatteryQualcomm Snapdragon 6 Gen 3 Processor1 Year Manufacturer Warranty for Device and 6 Months for In-Box Accessories,4.3
143,"OnePlus Nord 5 5G (Marble Sands, 256 GB)","₹36,737",12 GB RAM | 256 GB ROM17.35 cm (6.83 inch) Display50MP Rear Camera6800 mAh Battery1 Year Warranty,4.5
144,"OPPO Reno13 Pro 5G (Graphite Grey, 256 GB)","₹38,990",12 GB RAM | 256 GB ROM17.35 cm (6.83 inch) Display50MP + 50MP + 8MP | 50MP Front Camera5800 mAh BatteryDimensity 8350 Processor1 Year Warranty on Handset and 6 Months Warranty on Accessories,4.5
145,"OnePlus 11R 5G (Sonic Black, 128 GB)","₹34,574",8 GB RAM | 128 GB ROM17.02 cm (6.7 inch) Display50MP Rear Camera5000 mAh BatteryDomestic warranty of 12 months on phone & 6 months on accessories,4.5
146,"Google Pixel 9A (Porcelain, 256 GB)","₹39,999",8 GB RAM | 256 GB ROM15.96 cm (6.285 inch) Full HD+ Display48MP + 12MP | 12MP Front Camera5100 mAh BatteryTensor G4 Processor1 Year Domestic Warranty,4.4
147,"Google Pixel 9A (Iris, 256 GB)","₹39,999",8 GB RAM | 256 GB ROM15.96 cm (6.285 inch) Full HD+ Display48MP + 12MP | 12MP Front Camera5100 mAh BatteryTensor G4 Processor1 Year Domestic Warranty,4.4
148,"OnePlus 11R 5G (Galactic Silver, 256 GB)","₹39,995",16 GB RAM | 256 GB ROM17.02 cm (6.7 inch) Display50MP Rear Camera | 16MP Front Camera5000 mAh BatteryDomestic warranty of 12 months on phone & 6 months on accessories,4.5
149,"OPPO Reno11 5G (Rock Grey, 128 GB)","₹28,890",8 GB RAM | 128 GB ROM | Expandable Upto 2 TB17.02 cm (6.7 inch) Full HD+ Display50MP + 8MP + 32MP | 32MP Front Camera5000 mAh BatteryMediatek Dimensity 7050 Processor1 Year Manufacturer Warranty for Device and 6 Months Manufacturer Warranty for Inbox Accessories,4.3
150,"OnePlus 10T 5G (Jade Green, 256 GB)","₹35,553",12 GB RAM | 256 GB ROM17.02 cm (6.7 inch) Display50MP Rear Camera4800 mAh Battery1 year manufacturer warranty for device and 6 months manufacturer warranty for in-box accessories including batteries from the date of purchase,4.1
151,"vivo V50 5G (Starry Night, 256 GB)","₹32,399",8 GB RAM | 256 GB ROM17.2 cm (6.77 inch) Display50MP + 50MP | 50MP Front Camera6000 mAh Battery7 Gen 3 Processor1 Year Manufacturer Warranty for Device and 6 Months Warranty for Inbox Accessories,4.5
152,"Google Pixel 9A (Obsidian, 256 GB)","₹39,999",8 GB RAM | 256 GB ROM15.96 cm (6.285 inch) Full HD+ Display48MP + 12MP | 12MP Front Camera5100 mAh BatteryTensor G4 Processor1 Year Domestic Warranty,4.4
153,"vivo V25 Pro 5G (Sailing Blue, 128 GB)","₹35,999",8 GB RAM | 128 GB ROM16.66 cm (6.56 inch) Full HD+ Display64MP + 8MP + 2MP | 32MP Front Camera4830 mAh Lithium BatteryMediatek Dimensity 1300 ProcessorColor Changing Fluorite AG Glass Design120 Hz 3D Curve Display1 Year on Handset and 6 Months on Accessories,4.3
154,"vivo V25 Pro 5G (Pure Black, 128 GB)","₹35,999",8 GB RAM | 128 GB ROM16.66 cm (6.56 inch) Full HD+ Display64MP + 8MP + 2MP | 32MP Front Camera4830 mAh Lithium BatteryMediatek Dimensity 1300 ProcessorColor Changing Fluorite AG Glass Design120 Hz 3D Curve Display1 Year on Handset and 6 Months on Accessories,4.3
155,"vivo V40 5G (Ganges Blue, 128 GB)","₹35,990",8 GB RAM | 128 GB ROM17.22 cm (6.78 inch) Full HD+ Display50MP + 50MP | 50MP Front Camera5500 mAh BatterySnapdragon 7 Gen 3 Processor1 Year Warranty on Handset and 6 Months Warranty on Accessories,4.5
156,"OnePlus 12R (Cool Blue, 256 GB)","₹39,999","8 GB RAM | 256 GB ROM17.22 cm (6.78 inch) Display50MP Rear Camera5500 mAh Battery1 Year Warranty
1 year manufacturer warranty for device and 1 year manufacturer warranty for in-box accessories including batteries from the date of purchase",4.5
157,"Samsung Galaxy A36 5G (Awesome Lavender, 256 GB)","₹35,499",8 GB RAM | 256 GB ROM17.02 cm (6.7 inch) Full HD+ Display50MP + 8MP | 12MP Front Camera5000 mAh BatteryQualcomm Snapdragon 6 Gen 3 Processor1 Year Manufacturer Warranty for Device and 6 Months for In-Box Accessories,4.3
158,"Tecno Camon 30 Premier 5G (Lava Black, 512 GB)","₹39,999",12 GB RAM | 512 GB ROM | Expandable Upto 1 TB16.94 cm (6.67 inch) Display50MP + 50MP + 50MP | 50MP Front Camera5000 mAh BatteryDimensity 8200 5G Processor1 Year Manufacturer Warranty for Phone,4.1
159,"Tecno Camon 30 Premier 5G (Snowy Silver, 512 GB)","₹39,999",12 GB RAM | 512 GB ROM | Expandable Upto 1 TB16.94 cm (6.67 inch) Display50MP + 50MP + 50MP | 50MP Front Camera5000 mAh BatteryDimensity 8200 5G Processor1 Year Manufacturer Warranty for Phone,4.1
160,"OnePlus 10T 5G (Moonstone Black, 256 GB)","₹35,553",12 GB RAM | 256 GB ROM17.02 cm (6.7 inch) Display50MP Rear Camera4800 mAh Battery1 year on phone & 6 months on accessories,4.1
161,"OnePlus 10T 5G (Moonstone Black, 256 GB)","₹37,999",16 GB RAM | 256 GB ROM17.02 cm (6.7 inch) Display50MP Rear Camera4800 mAh Battery12 Months,4
162,"vivo V40 5G (Ganges Blue, 256 GB)","₹38,990",8 GB RAM | 256 GB ROM17.22 cm (6.78 inch) Full HD+ Display50MP + 50MP | 50MP Front Camera5500 mAh BatterySnapdragon 7 Gen 3 Processor1 Year Warranty on Handset and 6 Months Warranty on Accessories,4.5
163,"Samsung Galaxy A56 5G (Awesome Graphite, 128 GB)","₹38,990",8 GB RAM | 128 GB ROM17.02 cm (6.7 inch) Full HD+ Display50MP + 12MP + 5MP | 12MP Front Camera5000 mAh BatterySamsung Exynos 1580 Processor1 Year Manufacturer Warranty for Device and 6 Months for In-Box Accessories,4.4
164,"OnePlus 12R (Iron Gray, 128 GB)","₹36,999",8 GB RAM | 128 GB ROM17.22 cm (6.78 inch) Display50MP Rear Camera5500 mAh Battery1 Year Brand Warranty,4.5
165,"OnePlus 12R (Cool Blue, 128 GB)","₹37,990",8 GB RAM | 128 GB ROM17.22 cm (6.78 inch) Display50MP Rear Camera5500 mAh Battery1 Year Brand Warranty,4.5
166,"vivo V40 5G (Titanium Grey, 128 GB)","₹35,990",8 GB RAM | 128 GB ROM17.22 cm (6.78 inch) Full HD+ Display50MP + 50MP | 50MP Front Camera5500 mAh BatterySnapdragon 7 Gen 3 Processor1 Year Warranty on Handset and 6 Months Warranty on Accessories,4.5
167,"realme GT Neo 3 (White, 256 GB)","₹38,999",8 GB RAM | 256 GB ROM17.02 cm (6.7 inch) Full HD+ Display50MP + 8MP + 2MP | 16MP Front Camera5000 mAh Lithium Ion BatteryMediatek Dimensity 8100 Processor1 Year Manufacturer Warranty for Phone and 6 Months Warranty for In-Box Accessories,4.2
168,"vivo V40 5G (Titanium Grey, 128 GB)","₹35,990",8 GB RAM | 128 GB ROM17.22 cm (6.78 inch) Full HD+ Display50MP + 50MP | 50MP Front Camera5500 mAh BatterySnapdragon 7 Gen 3 Processor1 Year Warranty on Handset and 6 Months Warranty on Accessories,4.5
169,"realme GT Neo 3 (White, 256 GB)","₹38,999",8 GB RAM | 256 GB ROM17.02 cm (6.7 inch) Full HD+ Display50MP + 8MP + 2MP | 16MP Front Camera5000 mAh Lithium Ion BatteryMediatek Dimensity 8100 Processor1 Year Manufacturer Warranty for Phone and 6 Months Warranty for In-Box Accessories,4.2
170,"Mi 10T (Cosmic Black, 128 GB)","₹37,999",8 GB RAM | 128 GB ROM16.94 cm (6.67 inch) Full HD+ Display64MP + 13MP + 5MP | 20MP Front Camera5000 mAh Li-ion Polymer BatteryQualcomm Snapdragon 865 Processor144Hz Intelligent AdaptiveSync Display33W Dual Split Flash Charge1 Year Manufacturer Warranty for Device and 6 Months Manufacturer Warranty for In-box Accessories,4.1
171,"Mi Mix 2 (Black, 128 GB)","₹37,999",6 GB RAM | 128 GB ROM15.21 cm (5.99 inch) Full HD+ Display12MP Rear Camera | 5MP Front Camera3400 mAh Li-polymer BatteryQualcomm Snapdragon 835 Octa Core 2.5 GHz ProcessorBrand Warranty of 1 Year Available for Mobile and 6 Months for Accessories,4.3
172,"Google Pixel 9A (Porcelain, 256 GB)","₹39,999",8 GB RAM | 256 GB ROM15.96 cm (6.285 inch) Full HD+ Display48MP + 12MP | 12MP Front Camera5100 mAh BatteryTensor G4 Processor1 Year Domestic Warranty,4.4
173,"Google Pixel 9A (Iris, 256 GB)","₹39,999",8 GB RAM | 256 GB ROM15.96 cm (6.285 inch) Full HD+ Display48MP + 12MP | 12MP Front Camera5100 mAh BatteryTensor G4 Processor1 Year Domestic Warranty,4.4
174,"Samsung Galaxy A34 5G (Awesome Lime, 128 GB)","₹23,790","8 GB RAM | 128 GB ROM | Expandable Upto 1 TB16.76 cm (6.6 inch) Full HD+ Display48MP + 8MP + 5MP | 13MP Front Camera5000 mAh Li-ion Battery BatteryDimensity 1080, Octa Core Processor1 year manufacturer warranty for device and 6 months manufacturer warranty for in-box accessories",4.3
175,"vivo V29 Pro 5G (Black, 256 GB)","₹37,978",8 GB RAM | 256 GB ROM17.22 cm (6.78 inch) Full HD+ AMOLED Display50MP + 12MP + 8MP | 50MP Front Camera4600 mAh BatteryDimensity 8200 Processor1 Year Manufacturer Warranty for Phone and 6 Months Warranty for In the Box Accessories,4.5
176,"Google Pixel 9A (Obsidian, 256 GB)","₹39,999",8 GB RAM | 256 GB ROM15.96 cm (6.285 inch) Full HD+ Display48MP + 12MP | 12MP Front Camera5100 mAh BatteryTensor G4 Processor1 Year Domestic Warranty,4.4
177,"REDMI NOTE 14 PRO+ 5G (TITAN BLACK, 512 GB)","₹39,980",12 GB RAM | 512 GB ROM16.94 cm (6.67 inch) Full HD+ AMOLED Display50MP Rear Camera6200 mAh Battery1 Year Manufacturer Warranty for Phone and 6 Months Warranty for In the Box Accessories,4.4
178,"Samsung Galaxy A53 (Awesome Blue, 128 GB)","₹29,999",6 GB RAM | 128 GB ROM | Expandable Upto 1 TB16.51 cm (6.5 inch) Full HD+ Display64MP + 12MP + 5MP + 5MP | 32MP Front Camera5000 mAh Lithium Ion BatteryExynos Octa Core Processor Processor1 Year Manufacturer Warranty for Device and 6 Months Manufacturer Warranty for In-Box,4.1
179,"Mi 10T Pro (Cosmic Black, 128 GB)","₹39,999",8 GB RAM | 128 GB ROM16.94 cm (6.67 inch) Full HD+ Display108MP + 13MP + 5MP | 20MP Front Camera5000 mAh Li-ion Polymer BatteryQualcomm Snapdragon 865 Processor144Hz Intelligent AdaptiveSync Display33W Dual Split Flash Charge1 Year Manufacturer Warranty for Device and 6 Months Manufacturer Warranty for In-box Accessories,4.2
180,"Samsung Galaxy A54 5G (Awesome Graphite, 128 GB)","₹37,800","8 GB RAM | 128 GB ROM | Expandable Upto 1 TB16.26 cm (6.4 inch) Full HD+ Display50MP + 12MP + 5MP | 32MP Front Camera5000 mAh BatteryExynos 1380, Octa Core Processor1 Year Manufacturer Warranty for Device and 6 Months Manufacturer Warranty for In-Box Accessories",4.3
181,"OnePlus 10R 5G (Forest Green, 256 GB)","₹37,998",12 GB RAM | 256 GB ROM17.02 cm (6.7 inch) Display50MP Rear Camera5000 mAh Battery12 months,4.3
182,"Apple iPhone SE (White, 64 GB)","₹39,900","64 GB ROM11.94 cm (4.7 inch) Retina HD Display12MP Rear Camera | 7MP Front CameraA13 Bionic Chip with 3rd Gen Neural Engine ProcessorWater and Dust Resistant (1 meter for Upto 30 minutes, IP67)Fast Charge CapableWireless charging (Works with Qi Chargers | Qi Chargers are Sold Separately1 year warranty for phone and 1 year warranty for in Box Accessories.",4.5
183,"Apple iPhone SE (Red, 64 GB)","₹39,900","64 GB ROM11.94 cm (4.7 inch) Retina HD Display12MP Rear Camera | 7MP Front CameraA13 Bionic Chip with 3rd Gen Neural Engine ProcessorWater and Dust Resistant (1 meter for Upto 30 minutes, IP67)Fast Charge CapableWireless charging (Works with Qi Chargers | Qi Chargers are Sold Separately1 year warranty for phone and 1 year warranty for in Box Accessories.",4.5
184,"Mi 10 (Twilight Grey, 128 GB)","₹39,990",8 GB RAM | 128 GB ROM16.94 cm (6.67 inch) Display108MP + 13MP + 2MP + 2MP | 20MP Front Camera4780 mAh BatteryQualcomm Snapdragon 865 ProcessorFull HD+ 3D Curved E3 AMOLED HDR 10+ Display30 W Charging1 Year Manufacturer Warranty for Device and 6 Months Manufacturer Warranty for In-box Accessories Including Batteries from the Date of Purchase,4.1
185,"Samsung Galaxy A34 5G (Awesome Graphite, 256 GB)","₹39,499","8 GB RAM | 256 GB ROM | Expandable Upto 1 TB16.76 cm (6.6 inch) Full HD+ Display48MP + 8MP + 5MP | 13MP Front Camera5000 mAh Li-ion Battery BatteryDimensity 1080, Octa Core Processor1 year manufacturer warranty for device and 6 months manufacturer warranty for in-box accessories",4.3
186,"OnePlus 10T 5G (Jade Green, 128 GB)","₹35,999","8 GB RAM | 128 GB ROM17.02 cm (6.7 inch) Display50MP Rear Camera4800 mAh Battery1 year on phone, 6 months on accessories",4.3
187,"OPPO Reno8 5G (Shimmer Black, 128 GB)","₹26,999",8 GB RAM | 128 GB ROM16.33 cm (6.43 inch) Full HD Display50MP + 8MP + 2MP | 32MP Front Camera4500 mAh Lithium-ion Polymer BatteryMediatek Dimensity 1300 Processor1 Year Warranty for Phone and 6 Months Warranty for In-Box Accessories,4.3
188,"Lenovo Z6 Pro (Black, 128 GB)","₹39,999",8 GB RAM | 128 GB ROM | Expandable Upto 512 GB16.23 cm (6.39 inch) Full HD+ Display48MP + 2MP + 16MP + 8MP | 32MP Front Camera4000 mAh Li-polymer BatteryQualcomm SDM855 ProcessorBrand Warranty of 1 Year Available for Mobile and 6 Months for Accessories,3.8
189,"OnePlus 10R (Sierra Black, 128 GB)","₹38,999",8 GB RAM | 128 GB ROM17.02 cm (6.7 inch) Display50MP Rear Camera | 16MP Front Camera5000 mAh Battery1 Year Manufacturer Warranty for Handset and 6 Months Warranty for In the Box Accessories,4.3
190,"vivo X50 (Glaze Black, 128 GB)","₹39,990",8 GB RAM | 128 GB ROM16.66 cm (6.56 inch) Full HD+ E3 Super AMOLED Display48MP + 13MP + 8MP + 5MP | 32MP Front Camera4200 mAh Lithium-ion BatteryQualcomm Snapdragon 730 Processor33W Vivo FlashCharge 2.01 Year for Handset and 6 Months for In-box Accessories,4.3
191,"IQOO 3 (Quantum Silver, 128 GB)","₹37,990","8 GB RAM | 128 GB ROM16.36 cm (6.44 inch) Full HD+ Display48MP + 13MP + 13MP + 2MP | 16MP Front Camera4440 mAh Li-ion BatteryQualcomm Snapdragon 865 ProcessorIn-Display Fingerprint Sensor, Monster Touch Buttons55 W Super Flash ChargeSuper AMOLED DisplayBrand Warranty of 1 Year Available for Mobile and Accessories",4.5
